43X6W36,MRVHFR9,X7JWCPJ,H9HPWJP,C3589HP,C2P89WP,RHP4RXH,22P685F,J8FFVPH,VFH2CX4,43JJXM3,X5F3WC4,56QQ958,QXM9RF6,X544WC3,W29G3X8
H4P57PJ,9JX24P7,CQ48CMP,RJX46GH,PJCQQ9R,XH7W8JJ,4PRX536,HH7P4PJ,4359X6Q,2J83688,2JMH6QF,32M25HP,FH67GX9,6V5M7JP,CGVC896,2VJR6XF
PWQ5GRH,PXGQXQR,6GP7FGP,M9QHFP9,3MQ53HP,MV3HJ9G,3435GWP,77XJJFV,VFGHCX7,MQXFHVR,56FM9JR,56H79RM,56Q49RP,GPC3M92,MQMPHM9,GQP7MCR
7GJFWV7,6C97F5P,H36PWPJ,JRFVC96,3MR5VWP,6WH7MGP,CJF8GGP,JJ3VW6V,CGMQ8GG,VFHJCM5,W9CG3X4,8M5PFF7,CG978CC,P4G6QJR,QXQXRFP,CMG288P
7MJ2FV7,786JCV7,Q9VR2RW,F3QG38M,JX2VM6V,F73G8QM,W493J9G,CC28G5P,W92V3CG,7CG7J25,W9CM3F5,RWC94M2,7CW2JX7,7C9RJ28,FHFPG3P,MRQCHFX
M3HF89G,QWQR3XW,MW7HF89,7QGJPJV,F9CG8VM,6WQ7MPR,93J247J,887FF8R,FHPWGRM,8MRGFF8,43JGX6Q,MQ6WHX9,X5M4WQF,RWHC4M7,4349XVV,QWXMR3G
VRCVQ5F,HXQPW9P,CQ98WPF,6PG7XCP,WGX3X6G,C238QGP,8VPFXR9,MM8HR59,7C8QJ2R,MQWQHR5,8MX6FF9,GP2WMW3,MQJMHFH,W9RM3JR,4342XV3,CMGJ8G4
G5MMRH3,M4QHRJ9,7M3JPGV,4V7X6R3,M6MH49G,4MFXQ36,2586PQF,VV7CXR5,X598W7W,J8HFVHP,GP3VM9J,FH9WG3G,8M6GF7Q,HRFVPWR,QXQ9R3H,GQPFMWQ
P7QQ5RH,GRQM7JR,8R7FMR9,H29P8PJ,QC4RPWG,C298RGP,XR7WC7J,GGFM76R,QXWVR3G,CGQH8Q2,W9CR3JQ,6VRP7M3,32Q25C9,GPCJM5M,GPGWM9M,W29W34G
74J9V79,VMMCQ35,H3FPX9P,5GG9JX8,89MFFXR,94422W7,PM9QMPR,2226P2F,J8FWVPF,W9J733F,7CP2JFR,8M53F6X,VF9GCXG,97WX2PP,32385GJ,QWW4R3M
QCR3MWG,492X6W3,9832PH7,P67QQPR,HJ4PXMP,5R49668,93G22W7,X533WQ4,8MH2F73,QX99RF3,MQ5GHWJ,P4JJQX8,W9P63X8,97WW24H,RWRJ49H,R33W4XH
PCQ58RH,GRXMW5R,X74WVHJ,V4WCJ5F,XG2WQ8J,86JF79R,3XF5JPJ,CGFG896,W92P3J8,VFPQCQG,W9CW3XF,2JQR6QF,P483Q58,VF67CQG,W9WF3X2,FPPPG3R
86F65R9,X2JWQ6J,8R8F65R,2HR68PF,F2RGH6M,5RW9JR8,72RJXPV,X539WPJ,RW3M4RG,436JX64,P46RQ5H,CG398FP,32QV5GF,56X39RP,8M85FC7,CMMH89V
3R5GMPJ,X2VW3JJ,FXMG3QM,7QWJPQV,89RF5R9,2X968QF,FC9G3QM,562J9XP,8MHJF7X,QX97R9W,FH3HG8H,97P42Q4,GPJWM5G,8MJ8F74,6V647MQ,6CCF7FV
9W2P37J,JGRVPJ6,FXHG3CM,3FQ5G9P,QC2R22W,5R599G8,CJ58CVP,CGFP8CP,MQRFHFX,6VGQ7FM,FH3PG84,J8X9VM6,GPJ3M92,W94536G,7C7WJ28,QWW9RVW
W43XXGJ,VMXCW5F,Q2WR3GW,9MX247J,R874GHF,V28C4X5,J63V4X6,MQPWHR3,RW3Q463,978P2MQ,W9863PP,X5FQWGJ,W9P83PH,MQFQHWG,J8J5VC5
627RWPR,VMWCF35,VQMCQ65,8WJFWR9,G65MW3R,V2FCQ45,HGCPX3P,J8CPV96,97J9226,8MR9FF9,7CQGJ2W,2JQ568W,7C3RJ2W,VF7GCVW,MQMCHP9
HHPXGPJ,GR6M7JR,CRP8GVP,G58M58R,5PM9RX8,QGWR3HW,G8VM5WR,MQP5HMR,VFM8CQ7,7CMWJPG,RWJ24MM,QXVPRVG,RWGC4VV,43Q9X63,RWRH4MM
QX4RVQW,R5F4R5H,CRQ8GHP,G5FM78R,XGFWRJJ,QG3RV7W,XRQWQQJ,J8CRVP7,X525WRJ,GPXJM5J,2JHG6VF,P4JPQMH,FH72GXR,FHCRGHW,7C72J23
433XV93,7F3JXWV,844F6XR,H2HP6PJ,4FFXGX3,WQ73F3G,PMMQQ4R,6VJQ7R7,97VJ22W,MQWCHMF,HR29PQP,P4VRQMP,X5HMWC4,CGJQ8C3,W9WX3P9
P4XQX8R,M4CHMP9,58F958X,4CWX6C3,PVCQM2R,2WF6P2F,9352W7J,8MG5F6X,HRXXPMP,56CX96J,X5CCWVG,8M9MF73,HRCCPXH,QXH2RFC,RWRR4R4
GPRM5VR,X2QWVHJ,9FM22P7,WF93J8G,XGHWQFJ,WQV3XFG,FCFGX9M,8MG9F5H,VFMHCVH,X57RW7J,HR26P57,2JRV6PW,FH7JGRM,CGJ48QP,FPMMGXP
VFHCG5F,9V32M97,6MQ7R6P,3G65GFP,V32CQQ5,75PJXPV,2976QVF,8MG2F5J,97V8224,QX9PR37,2JHQ6P3,32H75CR,43MPXVW,973M2Q7,6CJV7VP
6VG7XFP,CHV8QCP,2GQ6PVF,VXMCQH5,WMR3X4G,PF6QQFR,29J6Q7F,562R9RW,VFMQCQF,VFPVCQ9,X5CGW7H,56PV96V,8M6VFVR,QXHJR3Q,2V7V6Q4
RW646XH,Q3QR8WG,849F64R,P73QQMR,5PW96C8,MC2HR79,95J22F7,RWXM4PH,2JCM6HV,QX24R22,2JH46VP,VF3PC85,P48HQMR,CGJ38Q8,FPMQGJM
FHWGH9M,W753PHG,842F68R,RV2463H,4FRXPR3,H87PFGP,VJMCX65,8MGJF7J,6V8P7X3,32C25VQ,97M422P,RW86464,X5HXWQF,6V947FR,H4QWPFQ
GP5M7WR,VHFCVQ5,CR289QP,834FF9R,G6GM7WR,V23CQ45,95C2P27,HRQGPRP,2JCP68W,X5J9W78,8MW7FF2,W9MC3FM,X5P3WV9,8MV2F6Q,GQHXM7W
QXJR26W,HW4P3PJ,Q2GRVGW,CW486PF,82GF6PR,MCJHW89,PH5QM9R,RWXQ466,GPR2M76,568J968,2JH368H,8M9WFCJ,W9Q93PV,J865V43,PXR9QXJ
RWC4RWH,X62WRJJ,84JFMR9,G95MMRH,RFW4GHF,XPHWVVJ,76HJX3V,HRQHPFX,FHQ2GX5,HR5WPXQ,QX7HRPW,8M93F7Q,8M7HFMR,7C25JX6,MRP5HVP
P4VQ3RH,9CC2PP7,CRJ8GPF,4CCXGX3,PCXQXFR,9XX2447,8CXF3R9,2JJ76WF,J8G3V4W,W9VJ3F2,VF4JC4Q,2JRQ6WF,HR8XPWW,973W244,2V7H6CF
97R2M87,426XM36,2G96WFX,G92MW9R,XM2WCHJ,C678CXP,VJ4CX45,X555WHJ,QX3FR3M,P499QM2,56G5998,J8WWVR6,QXG5RJW,56WW966,CMFW8CR
8M6F6R9,CPR896P,H5HP4PJ,P7VQM3R,RF945HF,V27CVP5,CVW8GRP,2JJV6Q9,QX3GR2C,MQ35HMV,43CWXV6,RW8F46M,X5P7WVM,43QRX6Q,R3XC4VG
GPVMW4R,3J85CQP,G3HMW7R,5MQ9X68,V5PCQJ5,2W96P6F,RQC4M2H,HRRXPXP,MQ48HQ9,HR52PXP,GP9PMCR,32HQ5GW,QXG2R33,X5RXWQ6,MRP7HW6
3245GMP,7GQJFWV,7PCJPHV,CW28MPF,PC9Q5PR,QGQRFPW,VJ3CM5F,VFFHCVX,P4WMQM8,568M9XP,6VQC7RF,CG568QQ,QXG6R2M,56329RG,JFC3VC9
8MVF5JR,9CH2QC7,G3QM7GR,9HX22J7,RF7465H,8JGF66R,GF7M59R,RWW24M8,QX3PR37,CGR38CG,GP9RM92,56PX9F8,97XM2Q7,8MCMF5Q,PXR8QXQ
W9X3PPG,28Q6PHF,P2WQMGR,4CPX663,J3RVP76,V6FCQG5,8C6F9R9,P449QQ9,32735VQ,8M49F5W,RWV94CH,97Q322P,8M73FF8,MQGRHWF,H4Q8PW5
X5XWV9J,CP589QP,7PGJ2WV,VX7CF25,823F5GR,V6GCF25,4RHXV36,VFFRCXP,8MQGFF9,GPW7M95,MQ2WHP9,6V427F2,CG638WP,CGVH8QG,9J6W297
8HGF78R,2846PQF,M5WHM69,CWV89MP,24Q6V9F,C7H8Q4P,4RPXGH3,HRR2P8P,HRWRPWR,CGR283P,GP9WM5C,QXCQRCW,GPV6M5W,P4H3QQX,9J632P5
GQPM58R,W7P3F4G,C4R8RGP,3G35VQP,MJ7HMR9,M8XHVP9,F8CGXRM,QXXJRF2,X569WCC,RW6M463,QXJ6R35,HRVQPFG,FHJ6G39,32WV57P,X934WCG
9JJ24F7,3JR5RPJ,4JJXPM3,2Q76V6F,822FCR9,8JRF67R,2996QMF,2JJQ6V6,HRWXPXM,7CH9JPM,MQ29H39,FH6HG8G,W9QP3FC,P4H9QMP,X93XW7C
R354MHF,42PXPG3,9GM2W7J,C3G89PF,4GMX6W3,PG9QMWR,J7JVC76,QXXCRJW,P433QX4,X5JRWQG,56MM9RR,W9H23WG,43HHXGV,VFJRCX4,X953W75
2V8684F,3JX5G8P,G39M37R,QVWRMWG,XMPWCWJ,FVWG87M,PPRQQ2R,HRRVP2P,HRW3PWF,QX2PRMW,CGW3896,W9H63JX,P4FGQX6,975M24P,H4RRPXR
W2J3FHG,5V396W8,M56HRF9,85PF8R9,6X57VPR,M89HVR9,HHRPW2P,MQQVHW4,97CF24Q,J8PJVR2,VFX3CG5,MQJXHFP,VF27CFM,RWQV465,2VJV6QV
CMR8QQP,P3PQXXR,H9JPW8P,VWHC75F,6X97MXP,FV5GCM4,33653QP,FHHJGXG,97CG2MC,6VHJ7XV,8M32F5P,FH64GCM,HR8MPWP,563H9J7,X952WM7
9JG2MG7,MWPHFX9,8X2FFFR,F94GX2M,6X27XPR,M86HJ9G,WW63J2G,RWWH4M2,P436Q57,FHWHGXH,QXJFRF4,VF5QCQJ,56459J2,7C6XJP3,W2973XW
45VX6Q3,MWQHMQ9,FW7GRM4,6RM7R3P,2426PHF,WRM39GJ,HHWPF5P,RWWP4GH,432CXW3,7CP8JX3,RWVM4MV,P4C2QQR,VF68CJ5,X54MWQM,VGFPCVH
9JH24V7,7M8JFMV,4JHXP83,M65HWX9,V98CX5F,M8JH69G,CCQ8G4P,97752G7,7CG4J4V,J8QGV96,7CR9J2R,7CWQJFM,MQ8QHFH,VFJ9CF2,9J7F2G7
X9FW7WJ,F4QG3GM,Q6MR3HW,G25M9HR,86MF7QR,HFCPFHP,77HJPGV,8MM8F4R,GP46M58,VFRHC25,X58RW77,QX8JRFV,CG7M8GH,RWQM4M5,CMG483P
78XJ2CV,Q95R93W,7P2JPJV,XF8W4JJ,XH9WVQJ,C7685PF,RR74CHF,GPQHMW8,W97H3X7,FHW4GPM,W9FX3PH,W9HG3XQ,7C9FJ2C,X54QWRJ,R3WJ4CH
H4VPFJP,H33PWJP,JQ7VR96,M66H39G,XH2WV8J,C7789WP,PP6Q3RH,2JVJ6P2,W97P3PR,RW764QV,2JP26V6,8M29F6X,MQ8XHMF,X54RWV7,362G5VM
